user,comment,timestamp,like_count,reply_to,kategori
@Taskandpurpose,"EDIT Correction : I meant to say 12 hundred not 12 thousand killed on oct 7*** 
Tensions are escalating in the Middle East....again. Israel has eliminated 2 high ranking members of Hezbollah and Hamas within a few hours. The reason this could escalate into a region war is because for the first time ever Israel has conducted an attack inside Iran on Iranian soil that killed someone like this. We're living through events right now that have never happened before and we don't have a great frame of reference for what will happen next. https://www.instagram.com/cappyarmy/",2 years ago (edited),954,False,Serius (Bahasa Israel)
@JoseHernandez-s6r6m,That's exactly what Israel has  to do is eliminate Hamas because to think Hamas will negotiate is a fallacy.,7 months ago,0,False,Serius (Bahasa Israel)
@HANTERICH,"The fact that you mention Iran may retaliate or lunch land attack against is so stupid. Either USA nor Israel want a total destruction of the regime in Iran. Otherwise, USA would dealt with the regime in Iran as dealt with SADDAM in Irak. Read some of just recent history before WW1 my boy. Do your home work my ordinary infantry man.",1 year ago,0,False,Serius (Bahasa Israel)
@JimWatters-m3c,"You would think the Iranian's would figure it out, if their God wanted Israel destroyed, they wouldn't be getting their ass kicked.",1 year ago,0,False,Serius (Bahasa Israel)
@rom1783-c1y,"7:43  As a Lebanese citizen, I don't think either of these options is true, especially the second one (Hasan Nasrallah used to promise his supporters that he will eliminate every Israeli and the death of an Israeli civilian is considered a win by Hizbollah and his base, not something to be ashamed of and hide). 

The golan heights are home to Syrian Druze families and the strike injured some Druze civilians. Lebanon is also home to many druze people (including my family, but personally i'm not very religious) and Hizbollah has a history of going into conflict with Druze and Christians in an effort to project power in non-Hezbollah regions or even assassinate Sunni, Christian, and Druze leaders (most notably the Sunni PM Rafik Al-Hariri) who opposed Hizbollah being an Iranian-backed militia that supports Shias only and arms them (even after the Taif Agreement which ordered all civil-war-era militias to give up their weapons and depend on the Lebanese army). After the civil war, all Christian, Sunni, and Druze militias were forced to give up their weapons, but Hizbollah insisted that it needed them to ""protect Lebanon from the Zionist entity (Israel)"" so it managed to ignore the Taif Agreement and keep its weapons (which it sometimes uses to intimidate any leader who doesn't approve of Hizbollah). Hizbollah claiming that attack would make the Lebanese Druze (and consequently some of their fellow Christians and Sunnis) angry. This anger could be noticed by Hizbollah's very loyal Shia base and make them doubt their support for this militia.",1 year ago (edited),0,False,Serius (Bahasa Israel)
@BattleRapVisual,I DONT THINK ISRAEL BEHIND THAT... THINK ABOUT WHO SLEPT IN THE ROOM NEXT TO HIM.. THE LEADER OF IJ,1 year ago,0,False,Serius (Bahasa Israel)
@manofsan,"@2:32 - the reason why Israel chose to launch its strike into Iran rather than Qatar, is because Israel wants to force Iran to respond to its strike. By hitting Tehran directly, Israel forces Iran to either retaliate or else lose face and also lose its foreign cadres.",2 years ago,9,True,Serius (Bahasa Israel)
@user-sp8eb6iz7f,I'm not fighting for Israel!,2 years ago,1,True,Serius (Bahasa Israel)
@christ.4977,"The rockets that killed the children in Israel were Arab children. That's why Hezbollah denied it. If it were Jews, they wouldn't have denied it.",2 years ago,0,True,Serius (Bahasa Israel)
@dioghaltasfoirneartach7258,"Erdogan has, prior to this, threatened Israel 🇮🇱 militarily, that they're 'going into Israel 🇮🇱""
Erdogan should probably start looking under the bed for the 'boogy man'...

⚔️🇺🇲🫱🏻‍🫲🏼🇮🇱⚔️",2 years ago,0,True,Serius (Bahasa Israel)
@FlipFlop-y4d,"So Israel can assassinate whoever they want ,democratic country? Above the law ? I think American leaders are all scared of israel ...American,super power? are just submissive to israel, usa is too scared to say anything or to do anything.....unbelievable America is scared the only strong leader who stop israel is russia by defending Syria and Iran...when China and Russia and Iran and north Korea and Iran and Turkey and few more Countries will get stronger and stronger israel usa ,checkmate....",2 years ago,0,True,Serius (Bahasa Israel)
@scottymackay1801,"I have to pull you up for using MSM language of ""escalation"". No. The ""escalation"" was October the 7th killing 1200 people inside Israel.",2 years ago,0,True,Serius (Bahasa Israel)
@Stant-mc2,"Iranian generals kill Haniye himself because Haniye secretly sought a ceasefire agreement between Israel through Turkish government channels. It was a massage for the new president, Masoud Pezeshkian, who replaced Ebrahim Raisi, who died in a helicopter crash in May for the same suspicious reasons. Notthing in Middile East look like it seems.",2 years ago,0,True,Serius (Bahasa Israel)
@Djinnthehuman,"For everyone who hears you say 12,000 killed in Israel, I hope they also read your comment so that they won’t be misled about the reality of the situation",2 years ago,0,True,Serius (Bahasa Israel)
@PaulGilesGiles,"CNN reports that Hamas political leader Ismail Haniyeh was killed not by an Israeli bomb or rocket strike that day, but by a bomb planted in advance at the Tehran guesthouse where he was staying.

The New York Times also writes about this. According to the publication, Haniya was killed by an explosive device that was secretly smuggled into the guest house.

The bomb was hidden about two months ago in a guest house run and protected by the Islamic Revolutionary Guard Corps and part of a large complex known as Nashat in an upscale area of ​​northern Tehran, the newspaper said.",2 years ago,0,True,Serius (Bahasa Israel)
@vasopel,Israel said it assassinated Ismail Haniyeh using a bomb smuggled in months ago...so there was no air strike!,2 years ago,0,True,Serius (Bahasa Israel)
@SMARTvoterWorld,There is a lot of dispute over who did the killing given the Hannibal directive and way in which people died. IDF buried the burned out cars of the carefully and oddly timed music festival on the other side of the fence and it is considered likely that the Israelis who died trying to escape in those cars were victims of indiscriminate Israeli fire. Same with all for the exchange hostages taken.,2 years ago,0,True,Serius (Bahasa Israel)
@imjustheretomasterdebate8853,"As a european christian me and the people i know dont like jews, i can also tell you the truth that most you guys are missing, the people on Israel right now, are not even jews, they are a cult made by rich corrupt european merchants, they use the story of the jewish people for support back then because all european contries were banning that group of corrupt and godless rich guys that were spreading all over europe and the rest of the world",2 years ago,0,True,Serius (Bahasa Israel)
@greattribulation1388,"Yeah, no, this was de-escalatory. Israel just said. We touch whoever we want when we want. Now…..think, before you make any more stupid moves.",2 years ago,7,True,Serius (Bahasa Israel)
@brianhurley6289,​ @Lindsey_Lockwood Israel spent over 1 billion trying to stop it.,2 years ago,0,True,Serius (Bahasa Israel)
@touringthecitywalking9209,"Stop saying that Israel doesn't want to have a ceasefire. Instead, say that Netanyahu doesn't want one. There is a huge difference between these two. Not all Israelis share his views, and many citizens and political groups within Israel are calling for peace and a ceasefire. Blaming the entire country is unfair and overlooks the diverse opinions and efforts for peace within Israel.

As for why Netanyahu doesn't want the ceasefire, he has a long list of political crimes. If he finishes the deal and has a ceasefire with Hamas, he will immediately end up in jail. That is the main reason he and his far-right supporters are avoiding the ceasefire for as long as possible.",2 years ago,8,True,Serius (Bahasa Israel)
@m4drums,"​ @touringthecitywalking9209 No. 
The big majority in Israel wants the hamas to be demolished and stop ruling over Gaza. 
I am from Israel. 
Peace",2 years ago,8,True,Serius (Bahasa Israel)
@gandydancer9710," @touringthecitywalking9209  ""Stop saying that Israel doesn't want to have a ceasefire. Instead, say that Netanyahu doesn't want one.""
Nonsense. Ending HAMAS is not remotel;y a private project of Netantahu's. 90%+ of Israelis want that.",2 years ago,5,True,Serius (Bahasa Israel)
@RichardsMiscCorner, @touringthecitywalking9209  you are right. Israelis i'm sure want to have peace but Netanyahu is on a mission to set fire to the middle east.,2 years ago,0,True,Serius (Bahasa Israel)
@יאירכץ-פ5ס, @gandydancer9710  90% of Israelis want  Hamas demolished. But Big majority of them also want kidnapped deal & a solid majority want Netantahu out of office.,2 years ago,1,True,Serius (Bahasa Israel)
@harrydestaffano565," @HamDanSan  Mohamed WRONG.
The information in the video is NOT from my sources!  How could it be from my sources?
The occupiers are the Arabs.  
They never wanted a Palestinian state, there has never been one, until 1964 when the Egyptian Arafat, (how was he so wealthy when he died, explain that), called for a Palestinian state.
You need to look at the facts before you write a message to me.
For Mohamed the bot , 
A crash course on history that proves there has never been a PALESTINIAN STATE:

1. Before Israel, there was a British mandate, not a Palestinian state

2. Before the British Mandate, there was the Ottoman Empire, not a Palestinian state.

3. Before the Ottoman Empire, there was the Islamic state of the Mamluks of Egypt, not a Palestinian state.

4. Before the Islamic state of the Mamluks of Egypt, there was the Ayubid Arab-Kurdish Empire, not a Palestinian state.

5. Before the Ayubid Empire, there was the Frankish and Christian Kingdom of Jerusalem, not a Palestinian state.

6. Before the Kingdom of Jerusalem, there was the Umayyad and Fatimid empires, not a Palestinian state.

7. Before the Umayyad and Fatimid empires, there was the Byzantine empire, not a Palestinian state.

8. Before the Byzantine Empire, there were the Sassanids, not a Palestinian state.

9. Before the Sassanid Empire, there was the Byzantine Empire, not a Palestinian state.

10. Before the Byzantine Empire, there was the Roman Empire, not a Palestinian state.

11. Before the Roman Empire, there was the Hasmonean state, not a Palestinian state.

12. Before the Hasmonean state, there was the Seleucid, not a Palestinian state.

13. Before the Seleucid empire, there was the empire of Alexander the Great, not a Palestinian state.

14. Before the empire of Alexander the Great, there was the Persian empire, not a Palestinian state.

15. Before the Persian Empire, there was the Babylonian Empire, not a Palestinian state.

16. Before the Babylonian Empire, there were the Kingdoms of Israel and Judah, not a Palestinian state.

17. Before the Kingdoms of Israel and Judah, there was the Kingdom of Israel, not a Palestinian state.

18. Before the kingdom of Israel, there was the theocracy of the twelve tribes of Israel, not a Palestinian state.

19. Before the theocracy of the twelve tribes of Israel, there was an agglomeration of independent Canaanite city-kingdoms, not a Palestinian state.

20. Actually, in this piece of land there has been everything, EXCEPT A PALESTINIAN STATE.",2 years ago,0,True,Serius (Bahasa Israel)
@MishMash22,I love how Iran is always claiming it will harshly punish Israel. But does sod all lol,2 years ago,0,False,Serius (Bahasa Israel)
@peacock_travels,"4:05 he was chanting ""death to Israel together with the Iranian Parlament I guess that's one of those cultural differences I never understand"" 😮 we need to accept that there's cultures inferior to us",2 years ago (edited),0,False,Serius (Bahasa Israel)
@madianantar7842,4:15 america and israel killed millions of his people… What’s not to understand here? Are you stupid?!,2 years ago (edited),0,False,Serius (Bahasa Israel)
@josephmorrison2509,He screamed Death to Israel and America while hiding in Qatar . Should have stayed there !,2 years ago,0,False,Serius (Bahasa Israel)
@johannjohann6523,"The Leader of Hamas was not a politician. He was a terrorist of the highest order. I wonder how many people in Hamas are ready to take the position as the Leader of Hamas?   And of course, Hamas has been pleading for a cease fire. Israel has been eradicating everyone in Hamas at an alarming rate. Hamas reaping what they have sowed.  Boy Muslims are gluttons for punishment.",2 years ago (edited),0,False,Serius (Bahasa Israel)
@RealmsOfThePossible,If they hit the room he was in there must have been some kind of cooperation between israel and iran on some level.,2 years ago,0,False,Serius (Bahasa Israel)
@mrjmorovis,"The Gaza's voted for Hamas democratically. Yeah, when you elect undeniable terrorists to ""govern"" there won't be another election and the Palestinians are paying for electing terrorists who never ever wanted peace because if their is peace with Israel the terrorists will lose power. Can't have that.",2 years ago,0,False,Serius (Bahasa Israel)
@returo7297,"Bismillah, sry pls, allow me to say-express my sincerity, Assalamu Alaikum  Warahmatullahi Wabarakatuh, Alhamdulillah, Wassalatu Wassalamu 'Ala Rasulillah, Salam Sejahtera bagi kita semua, Om Swastiastu, Namo Buddhaya, Rahayu , Salvete et pax vobiscum, Shlama w-salām ʿamkhoon, שלום ושלום עליכם, Shalom v'shalom aleichem."" 

Surah Al-Surah Al-Ma'idah (5 : 32):
""Because of that, We decreed upon the Children of Israel that whoever kills a soul unless for a soul or for corruption [done] in the land - it is as if he had slain mankind entirely. And whoever saves one - it is as if he had saved mankind entirely..."" 

amen, ty",2 years ago,1,False,Serius (Bahasa Israel)
@nirvana3921,Netanyahu desperately wants Iran to wage a full-scale war with Israel. So that they can involve Washington in a full-scale war in the Middle East.,2 years ago,1,False,Serius (Bahasa Israel)
@PandaHer-u1q,"Hey I don’t believe that Israel is the guy killed Hamas leader in Iran, Iran killed him the tactics 😮like that’s we Asian people are experts",2 years ago,0,False,Serius (Bahasa Israel)
@bastar46-l5z,"Israel citizens also voted for satanyahu, what’s ur point",2 years ago,0,True,Serius (Bahasa Israel)
@bastar46-l5z,completely ignores what Israel does,2 years ago,0,True,Serius (Bahasa Israel)
@ShehuStebe," @cmb.777  the entire gaza brigade has been liquidated. And which videos are you talking about? Qassam fighters literally executed a special operation behind enemy lines and destroyed two jeeps with video evidence TODAY. All Israel managed to do was kill women and children. Israel and Mossad are conniving and scheming they’re not smart, they’re emotional and completely short-sighted. They’re burning through their target bank and Iran and HZ haven’t even showed off their major weapons. If they were smart, why are ten different countries begging Iran to not strike them?",2 years ago,1,True,Serius (Bahasa Israel)
@ShehuStebe," @cmb.777   the entire gaza brigade has been liquidated. And which videos are you talking about? Qassam fighters literally executed a special operation behind enemy lines and destroyed two jeeps with video evidence TODAY. All Israel managed to do was kill women and children. Israel and Mossad are conniving and scheming they’re not smart, they’re emotional and completely short-sighted. They’re burning through their target bank and Iran and HZ haven’t even showed off their major weapons. If they were smart, why are ten different countries begging Iran to not strike them?",2 years ago,0,True,Serius (Bahasa Israel)
@cmb.777,israel and iranians have the right to defend themselves from irgc,2 years ago,0,True,Serius (Bahasa Israel)
@tunderfox2973,Bro what 💀 Iran attacked Israel first,2 years ago,0,True,Serius (Bahasa Israel)
@Lord_Pilaf, @tunderfox2973  Yes Israel is always the victim. The USS Liberty attacked Israel first 😂,2 years ago,2,True,Serius (Bahasa Israel)
@tunderfox2973, @Lord_Pilaf  Iran launched dozens of drones into Israel. Who do you think these drones were aiming at?,2 years ago,1,True,Serius (Bahasa Israel)
@Lord_Pilaf," @tunderfox2973  Do you not remember Israel bombing an Iranian embassy? That's an act of war. Play stupid games, win stupid prizes.",2 years ago,2,True,Serius (Bahasa Israel)
@daleburnfart6845,The only country I see instilling deep  regret is Israel into it's enemies.,2 years ago,0,False,Serius (Bahasa Israel)
@mundyslunes7755,I wonder how the middle east would be today if Israel was never made.,2 years ago,1,False,Serius (Bahasa Israel)
@webpro607,Israel is just a proxy of the United States. What most of you don't know is that the American Air Force has been taking a significant part in the war in Gaza and Lebanon since the beginning of the war. But everything is quiet.,2 years ago,1,False,Serius (Bahasa Israel)
@ibn-khaldun-al-hadrami,"Yo, pro-Israel puppet, you gonna talk about the war crimes of raping and torturing prisoners of your clients or are you just going to keep D-Riding Israel and the IDF?",2 years ago,2,False,Serius (Bahasa Israel)
@FieldHoodGaming,"If the guy was calling ""death to America and Israel"", he's intentions were not peaceful.",2 years ago,2,False,Serius (Bahasa Israel)
@wahyasaquii7563,"Israel is nothing without America. 

jews are nothing without Gentiles.",2 years ago,0,True,Serius (Bahasa Israel)
@wahyasaquii7563,"Everything said correctly, except the US is the proxy extension. Not israel.",2 years ago,0,True,Serius (Bahasa Israel)
@cmb.777,"this operation killed israel haniyeh. and every single country says ""special operation""",2 years ago,0,True,Serius (Bahasa Israel)
@thetruthhurts3316,"Not so fast, ""Israel"".
 ""Russia Supplies Iran with Long-Range EW System “Murmansk-BN” to Counter U.S. and Israel
The report about Iran's deployment of the ""Murmansk-BN"" system emerged after Open Source Intelligence (OSINT) observations noted continuous flights of Russian transport aircraft between Russia and Iran recently. The “Murmansk-BN” system is regarded as the most powerful EW (Electronic Warfare) system in the Russian military. Its primary purpose is to disrupt high-frequency satellite  communication systems owned by the United States and NATO. Additionally, it can render “smart” munitions and drone systems “blind and deaf.”",2 years ago (edited),0,False,Serius (Bahasa Israel)
@МыколаНетребко,"So, by killing Ismail Naiyeh, the chairman of Hamas political bureau, Israel sends a message that it does not want to negotiate with Hamas.  So, what does Israel want then?  Apparently more war and killings.  Not surprisingly, the American Evangelicals will continue to support Israel, no matter what Israel does or how man civilians it kills.",2 years ago,1,False,Serius (Bahasa Israel)
@ochijeifeanyi5789,Iran should start respecting Israel...,2 years ago,0,False,Serius (Bahasa Israel)
@samuelnyonator2316,Don't mess with Israel,2 years ago,0,False,Serius (Bahasa Israel)
@scottmong8763,This proves Israel is family oriented.  They sent this terrorist head to be with his sons !  Didn’t even charge him for transportation.,2 years ago,0,False,Serius (Bahasa Israel)
@yassyboy,With so much tech at Israels disposal Smart People are questioning Israels 7th Oct Attack as False Flag and copying USA false flags for occupation and attacks.,2 years ago,1,False,Serius (Bahasa Israel)
@mieczyslawherba2723,"@mieczyslawherba2723
5 minutes ago (edited)
Look, if Russia would participate in Olympics, we would have constant flow of sport events and friendly atmosphere, because Russians are good in sport, and would compete. During Olympics wars should stop! Now instead of peace during Olympics we have images of war, killing, destroyed cities and  villages, humans suffering starvation, illness, loss of family members. Who allows for it is guilty that we have to see it during Olympics. I accuse Zelensky that he is responsible for it in Ukraine, because I do not believe, that Putin, in reward for participation of Russian team in Olympics, would not agree for temporary suspension of the war. Zelensky is a Jew and we see, that Jews during Olympics present disrespect to long tradition of Olympics! In Israel Jews behave in the same manner as Zelensky in Ukraine, the conclusion is that Jews are aggressive, they have no respect to European tradition of Olympics, to human rights to unite in sport competition even with enemies. In Libanon Israel made bombardments, in Iran during Olympics Jews killed their enemies, hosts of Iran. I appeal - Dear Jews, you are very creative and you feel strong, but please stop doing mess during Olympics, please honor European, ancient tradition, respect basics of Western Civilization! Be civilized, not barbaric! Stop making wars, make peace!",2 years ago,0,False,Serius (Bahasa Israel)
@monkeebunz8580,"They can assassinat two people across iran, withen hours of each other... but they didn't know (they knew) or saw hamas attack coming on October 7th? 

Thats what we call even more doubt



Israel let this happen to let the Dominos fall... so they have",2 years ago (edited),0,False,Serius (Bahasa Israel)
@lukeaurand5722,"Yeah, basically Israel really sucks and is causing problems for the entire region. I’m American and I condemn Israel",2 years ago,0,False,Serius (Bahasa Israel)
@laptv2144,Wow so many Israeli bots in the comments,2 years ago,1,False,Serius (Bahasa Israel)
@ROFkk0,"Israel is literally killing the negotiators and then complaining that theres nobody to negotiate with 
😂😂😂😂",2 years ago,2,False,Serius (Bahasa Israel)
@rodolfo5651,"All the facts point to the idea that Israel is a bad faith actor, morally depraved, & all around a threat to peace in the middle east. A pariah terror state",2 years ago,1,False,Serius (Bahasa Israel)
@ooofyikes7253,"F-35 lore is going crazy rn

Also, wild of Iran to call Israel cowards over the alleged strike when at least one Hamas leader isn't even in Gaza lmao, goes to show how little they care about their own people",2 years ago (edited),0,False,Serius (Bahasa Israel)
@whiskywolff,"Well, we are going to thank the Israelis for sending to the kingdom come a man who was responsible for the deaths of our troops... I wonder why we haven't done anything before....",2 years ago,0,False,Serius (Bahasa Israel)
@sumitrana8560,Israel has shown the country who's the paper tiger and who's the real one,2 years ago,4,False,Serius (Bahasa Israel)
@TimPool-b8z,Sounds to me like Israel is the terrorist state!,2 years ago,1,False,Serius (Bahasa Israel)
@israelbarzait6476,"PLEASE Correct this : HANIA was NOT ""Political leader"" !! he was Archi-terrorist with bloody hands from thousands of ISRAEL and US civilians victims!! he planned many terror attacks all over the world!!! HAMAS & HIZBULA ARE TERROR ORGANIZATIONS , PERIOD.",2 years ago (edited),1,False,Serius (Bahasa Israel)
@abubilal5156,Israel is heading towards suicide and worse case scenario it’s happening in 4-5 years,2 years ago,0,False,Serius (Bahasa Israel)
@MarleyBarte,"Your story and analysis is going nowhere. You're beating around the bush. Very simple, Iran cannot and will not go to an all out war with Israel for a simple reason that the mullahs know Israel posseses nuclear bombs. And Israel is more than ever willing to use it now.",2 years ago,0,False,Serius (Bahasa Israel)
@walid12355,"Wars are for the common people and not the elites, and they want to continue murdering Palestinians while turning jews away from god into murderers it's a win on both sides for them. There is no sides wake up, Iran probably sold out Haneya in complicity with Israel, he was  the only man that was working hard to stop the war. You really think Iran and Israel are enemies. Last time iran retaliated it sent out warnings 2 hours before they launched the attack 😂😂🤡",2 years ago,0,False,Serius (Bahasa Israel)
@aleksandarjovic7326,"So Israel is capable of diversions way beyond its borders and all over the world, but wasn't able to stop Hamas attacks on its most secured border on 7-Oct-2023?",2 years ago,0,False,Serius (Bahasa Israel)
@gidi-yo,"*Tel Aviv is the second largest municipality in Israel, but it's the major urban area with 1.5 million residents (and almost 4 million in the metro area)",2 years ago (edited),0,False,Serius (Bahasa Israel)
@blackink281,It wasn't F35. It was Iran's revolution guard who was bought by Israel.,2 years ago,0,False,Serius (Bahasa Israel)
@ELCAPATAZ,"Israel declared war on the United States when they attacked the un-armed communications ship U.S.S. Liberty during the Six Day War. The attack killed and injured dozens of U.S servicemen. What did the U.S Government do as retaliation for this cowardly, deliberate attack?",2 years ago,1,False,Serius (Bahasa Israel)
@user-TheTigerForce994,"As far as we know Israel  declared that they did not kill Haniyyah, but only Foad Shukry. 🤯",2 years ago,0,False,Serius (Bahasa Israel)
@yaronkahanovitch909,"I haven't come across so many inaccuracies and imaginations in a long time.  Let's start with the fact that Haniyeh was eliminated by means of a bomb that was introduced into Iran and from there into Haniyeh's room.   As for Yemen, it has two ports and Yemen has no problem unloading goods at the second port, there is also no problem transporting aid in vehicles overland.   In addition, Israel never claimed that it only hit a dock that did not unload humanitarian aid.  And finally, it is important to note that the Houthis damaged Israeli civilian ships that also carry important equipment.  You should know that those who act like a robber, will be treated like a robber.",2 years ago,0,False,Serius (Bahasa Israel)
@Vermiliontea,"Pfft!  Russians put a bomb in his hotel room.  Why?  Because they want more war in the middle east, to cause alternative difficulties for USA, while Russia pursues their war in Ukraine.
Israel will not take responsibility, but will also not deny.  China was possibly also involved, thinking to use the occasion for invading Taiwan.  But they seem to have got cold feet, or the situation is not quite what they want.  Iran?  To Russia and China they are useful idiots.",2 years ago,0,False,Serius (Bahasa Israel)
@ed_ph2157,"Haniyeh and Iran have different ways of resolving the dispute with Israel. Iran does not want a solution through the negotiating table, because Iran has a mission to eliminate the state of Israel from the world map. This striking difference could be the possibility that Iran was the one who killed Haniyeh..😁😁",2 years ago,1,False,Serius (Bahasa Israel)
@basselrabadi3774,Israeli controlled golan heights? You mean israeli illegally occupied golan heights **,2 years ago,1,False,Serius (Bahasa Israel)
@thatsnothowyousaymyname,So they killed the messenger/negotiator !!! Sounds like Israel doesn’t want to negotiate,2 years ago,0,False,Serius (Bahasa Israel)
@lightupthedarknessx,This is so biased to Israel and super disingenuous,2 years ago,1,False,Serius (Bahasa Israel)
@suryamallya2933,I still doubt the man is dead. No body no proof. Maybe Iran saw Ishmael is no longer useful. Cause Israel is denying any claims and it’s very difficult for any of their jets to complete the mission without being detected. Maybe he is not dead also.,2 years ago,0,False,Serius (Bahasa Israel)
@kamazman2943,Israel Killed a negotiator. L lsraeI,2 years ago,1,False,Serius (Bahasa Israel)
@dominiclobo6814,"The turk that tried to mess with Israel got on the spot answer,
Hanniyeh spoke death to our nations had his reward just after that,
Is the world blind?
Cant you see that YHWH is living God and not just a God in the air ??? If this cant open their eyes then don't know what will",2 years ago,0,False,Serius (Bahasa Israel)
@knightnight1894,after this America still claims to protect Israel and tell Iran don't retaliate ... like you protect a murder and tell victims don't retaliate.,2 years ago,2,False,Serius (Bahasa Israel)
@knightnight1894,"while Americans are howling Israelis have right to protect its land, they gave others none.",2 years ago (edited),0,False,Serius (Bahasa Israel)
@artashesharutyunyan3693,What about the Israeli military base in Azerbaijan??? It could have been controlled or even executed from that close location.,2 years ago,0,False,Serius (Bahasa Israel)
@vladimirantonenko6840,"How awesome was this assassination? So pricing and just good. My sympathies to Israeli people are living surrounded by terrorists whobkilling them all the time, but they keep fighting. While intire worl just strocking there d***s and winning, insted of help Israel to kill those monster's.",2 years ago,0,False,Serius (Bahasa Israel)
@monicaucdm1091,"It was never an air strike but a bomb planted in his bedroom that was remotely detonated. He was an obstruction to the peace, he did not want to surrender, very comfortable at his mansion in Qatar he never experienced what Gaza and Israel are experiencing.",2 years ago,0,False,Serius (Bahasa Israel)
@monicaucdm1091,"It was never an air strike but a bomb planted in his bedroom that was remotely detonated. He was an obstruction to the peace, he did not want to surrender, very comfortable at his mansion in Qatar he never experienced what Gaza and Israel are experiencing.",2 years ago,0,False,Serius (Bahasa Israel)
@elliotenerio3185,Yoav Gallant revised the number of killed Hamas to 14k killed AND wounded so the current Israeli understanding of Civilian-Militant Death ratio is something more than 2:1.,2 years ago,0,False,Serius (Bahasa Israel)
@natnaelkenaw6302,The Israel's placed a bomb in the guest house months before the assassination. I don't think they used fighter jets,2 years ago,0,False,Serius (Bahasa Israel)
@righteous-one-7,"I find Middle East as a very perplexing region of the world. 
You got Middle East combining forces to destroy a region of Israel, but fighting endless wars with each other when they are not beefing with Israel
I also find it beyond disgusting to see Qatar harboring a terrorist leader in their country
Being Muslim is not about supporting the ones that shed blood of other people, and bring turmoil to their own land. Same leaders bring demise to countries that share Muslim faith.
I feel very disgusted about war, and conflicts there, but I see hypocrisy from all front of these recent wars in Middle East
It's hard to cheer for anyone but the peaceful civilians in every one of these countries. People that want no war. People that remember human struggle and pain.
I see politicians placing chess pieces on the board for said pieces to fall, when ""King"" of that chess board is vacationing in Qatar somewhere, or hiding on some exotic island. Giving orders for their own people's and country's demise.",2 years ago (edited),1,False,Serius (Bahasa Israel)
@yehudasam,"FYI-
Hezzbolla didnt take responsibility of killing the kids, probably because they're scared of the Druz retaliation (the kids were Israeli Druzians)",2 years ago,0,False,Serius (Bahasa Israel)
@denispol79,"There's an agreement between Qatar and Israel that ansures Israel won't eliminate targets on Qatar soil.
That's why Hania's trip to Iran was an opportunity too great to miss.",2 years ago,0,False,Serius (Bahasa Israel)
@Simplebutgreat2,"WOW!!! You are living in a fairy tale. You are spreading propaganda by trying to spread the VERY unlikely theories, that “israel’ used one of their fighter jets to accomplish the unbelievable. WOW....look how great our American weapons and F35 is. Even a child is more capable to figure out the MOST likely way how they did the assassinating. They VERY likely smuggled a custom drone into Iran in many parts. Their local agents assembled the drone and used American intelligence to locate the target in his location. After that, their other  local agents confirmed the target was there and pointed in which part of the building he was. Their agents are very likely trained to use the drone in the United States or in “israel”. You have a huge amount of arrogance around you. Have you seen footage of Ismail Haniyeh chanting “dth to America”? You literarily make up things and spread them as  lies. Go drink some more tea!",2 years ago,2,False,Serius (Bahasa Israel)
@Original_ASL,"It is absolutely absurd that Yemen needs humanitarian aid while it spends millions of dollars just so they can attack Israel (and for no reason). This is a great example of the entire conflict—countries and organizations fighting Israel would rather have their citizens killed and starve just to have the chance to kill Jews. And if you don't think it is just a war fueled by antisemitism, read what is written on the Houthi flag: “Allah is great, death to the USA, death to Israel, curse the Jews, victory to Islam.”",2 years ago,0,False,Serius (Bahasa Israel)
@TheSaltyAdmiral,"Israel is the end of the Western led world order, and I f*cking can't belive we gave it all up defending that shithole in the desert...
We can't talk with integrity on ANY conflict in future, after we have damned and punished so many countries over the years for doing the same or even less than what Israel is doing in Gaza. The worst of all is that it is the politicians, not the people of the West, that wants to this for Israel. Israel lost it's popular support in Europe decades ago, but now it's even going under water in the US. All the while our politicians are falling over themselves trying to give them more weapons and tax dollars. If you wanna know the price of corruption, look no further than AIPAC.",2 years ago (edited),1,False,Serius (Bahasa Israel)
@danielreuben8847,"No, Israel has not attacked Ishmael Haniyeh, it is Iran that carried out the operation and pointing the finger to Israel.",2 years ago,0,False,Serius (Bahasa Israel)
@seanroth-b2d,"no Chris, hezbollah denied they did that attack because those kids were from the druze community in israel. he didn’t want the backlash from the druze community in lebanon.   that’s why he deny it",2 years ago,0,False,Serius (Bahasa Israel)
@seanroth-b2d,"no Chris, hezbollah denied they did that attack because those kids were from the druze community in israel. he didn’t want the backlash from the druze community in lebanon.   that’s why he deny it",2 years ago,0,False,Serius (Bahasa Israel)
@ME_excellence,"Israel Kills TERR0RlSt Hamas Leader Deep Inside TERR0RlSt Iran
Task & Purpose

1.66M subscribers",2 years ago,0,False,Serius (Bahasa Israel)
@Bggpro123,"So many wrong things:
1). Haniya is a mega terrorist, not a “diplomat “. he is living a lavish lifestyle with Palestinian money while they suffer from poverty- long before the war.
2). Airstrike? You believe the iranian?? Lol it was an inside job. Someone from the iranian regime did it and placed bombed. Iran is looking for excuse to attack israel.
3). Unfortunately seems like you lack the basic understanding of the middle east dynamics. Hamas is a demonic islamic terrorist organization set to destroy israel and seek for the death of america too, same as iran. You are welcome to translate the houtis flag.",2 years ago (edited),0,False,Serius (Bahasa Israel)
@ElliotColton,"Actually Hezbollah began firing rockets, missiles and drones “ever since” October 8th well before Israel began a ground campaign in Gaza. I recognise you are trying to be impartial but I’d appreciate it if you got the facts straight. (Since Israel is damned by almost everyone everywhere as it is.)",2 years ago,0,False,Serius (Bahasa Israel)
@adoof4814, @onionsmaster  No. Free them from Israel's apartheid.,2 years ago,1,True,Serius (Bahasa Israel)
@adoof4814,Could be that Israel is doing a genocide?,2 years ago,0,True,Serius (Bahasa Israel)
@adoof4814,"They're the only people defending Palestinian people from an ethnic cleaning campaign.
Only Americans could fall for Israel's propaganda",2 years ago,0,True,Serius (Bahasa Israel)
@moosy,"Look up how Israel defines a Hamas fighter ..

Anyone male between the ages of 16 and 55",2 years ago,1,False,Serius (Bahasa Israel)
@takensouls1,One thing I've always respected about Israel is they don't mess around,2 years ago,1,False,Serius (Bahasa Israel)
@malcire,Aren't Iran and Israel technically at war? So how would it be illegal to target a high profile target?,2 years ago,0,False,Serius (Bahasa Israel)
@juntaotv8294,"WHY DID IRAN SOLD ISMAIL HANIYEH TO ISRAEL?? THE TALIBAN COMMANDER ABDOL HAMID KHORASANI BLAMED IRANS KHAMENEI FOR THE ASSASINATION OF HAMAS CHIEF.,,  ISMAIL HANIYEH ARE UNDER IRANS SECURITY, HANIYEH WAS STAYING IN A SPECIAL RESIDENCE IN TEHRAN.  THE TALIBAN COMMANDER SAID IRAN AND ISRAEL ARE TWO SIDES OF THE SAME COIN..",2 years ago,0,False,Serius (Bahasa Israel)
@T.Chopper_,Israel didn't strike ismail haniyeh with rockets. It was a smuggled bomb that denotated inside ismail haniyeh's safehouse. and Israel didn't kill ismail haniyeh because it would endangered the hostages negotiation. It was an inside job. IRGC killed him.,2 years ago (edited),0,False,Serius (Bahasa Israel)
@MarcusHenning5,"Its crazy how people (like the moronic government of my country South Africa), is criticizing Israel for the strike on Heniyeh. When Israel launches standard door-to-door warfare in Gaza, they accuse Israel of collective punishment and take Israel to ICJ for genocide. Then Israel does a targeted strike on the leader, with no civilian casualties, and are now calling it an illegal assassination. Some people are having such chest pains that Israel wont just sit back and die",2 years ago,0,False,Serius (Bahasa Israel)
@MrKnowItAll2024," @adoof4814   “The numbers are not real” – new analysis blasts Hamas figures as FAKE 📈

* Graph with Hamas daily figures shows impossible straight line.

* There is lack of correlation between women and children casualties.

* Hamas’s own figures show Israel is killing hardly any non-combatant men.

Relying on a terrorist group to provide figures on a conflict should cause some degree of suspicion over their accuracy. 

This hasn’t stopped media organisations and world leaders from repeating Hamas-generated figures every day since 7 October. A report released this week, however, shows that the official civilian death toll reported by Hamas is “statistically impossible”. The data provided by the United Nations is based on figures provided by the Hamas-run Gaza Health Ministry. The problem with statistically inaccurate figures is that they are used widely as a way to demonise Israel – wrongly accusing the Jewish state of genocide. They are also used to pressure for a ceasefire without any condition for Hamas surrender and release of Israeli hostages.

In an article published by Tablet Magazine on Thursday, statistician Abraham Wyner argues that the official number of Palestinian casualties reported daily by the Gaza Health Ministry from 26 October to 11 November 2023 is evidently “not real”, which he claims is obvious “to anyone who understands how naturally occurring numbers work.”

Looking at the total number of deaths reported each day, Wyner writes: “The graph of total deaths by date is increasing with almost metronomical linearity,” with the increase showing “strikingly little variation” from day to day.

“The daily reported casualty count over this period averages 270 plus or minus about 15 per cent,” Wyner writes. “There should be days with twice the average or more and others with half or less. Perhaps what is happening is the Gaza ministry is releasing fake daily numbers that vary too little because they do not have a clear understanding of the behaviour of naturally occurring numbers.”

The report also highlights irregularities in the correlation between the number of children reported to have been killed and the number of women. On the days with many women casualties there should be large numbers of children casualties, and on the days when just a few women are reported to have been killed, just a few children should be reported, but this is not the case.

Wyner also points to a strong negative correlation between the number of female and male casualties, which “makes no sense at all.”

The low level of male casualties reported is inconsistent with a report last month that Hamas lost 6,000 of its fighters, which represents more than 20 per cent of the total number of casualties reported.

If 70 per cent of casualties are women and children as Hamas has reported, then “Israel is somehow not killing noncombatant men, or else Hamas is claiming that almost all the men in Gaza are Hamas fighters.”

Wyner says the evidence presented is “highly suggestive that a process unconnected or loosely connected to reality was used to report the numbers. Most likely, the Hamas ministry settled on a daily total arbitrarily.”

The numbers matter. Anti-Israel propaganda thrives on these fake statistics and many world leaders have wrongfully embraced them. For example, on 25 October when the number stood at about 6,500 casualties, President Biden said, “I have no notion that the Palestinians are telling the truth about how many people are killed.” More recently the president quoted 30,000, telling MSNBC, “You cannot have another 30,000 dead as a consequence [of pursuing Hamas].”

Wyner’s analysis suggests this 30,000 figure is fake, but even if it is true, the ration of noncombatant casualties to combatants is remarkably low at 1.4 to 1 and perhaps even as low as 1 to 1.

“By historical standards of urban warfare, where combatants and non-combatants are embedded above and below into civilian population centers, this is a remarkable and successful effort to prevent unnecessary loss of life while fighting an implacable enemy that protects itself with civilians,” he writes.",2 years ago (edited),0,True,Serius (Bahasa Israel)
@adoof4814," @MrKnowItAll2024  Israel has murdered nearly that number in children too. Most people in that 40,000 statistic are civilians.

So yes, I am 'SAD' that gravy seals like you gather in comment sections of milsim channels celebrating this apartheid. The rest of the world looks on in horror at what you support.",2 years ago,0,True,Serius (Bahasa Israel)
@adoof4814,"Israel targeted a UN medical centre not long ago.

Is everything they call 'Khamas' fair game, hog?",2 years ago,0,True,Serius (Bahasa Israel)
@allancmwa,"Your comments scares me boys.
While nazisrael is comitting a genocide, and trying to put a war in the middle east, you guys are gloating about it.",2 years ago,1,False,Serius (Bahasa Israel)
@Z.O.666,"This Movie its like 
THE GOOD its people of Palestinian innocent LOST LIFE'S 
THE BAD its HAMAS always looks coins and gold spoon 
THE UGLEY its ISRAEL 🇮🇱 looks  for EXCUSE TO GOOGLE GAZA NEW WORLD ORDER ANTI CHRISTI SYSTEM AND ONE 👁‍🗨 
the GOOD the BAD and UGLEY.",2 years ago,0,False,Serius (Bahasa Israel)
@SoCalFreelance,The 12 children killed were DRUZE NOT israeli!!!!!!!!  For fucks sake please get even the simplest facts right before blabbering on and on as israel's propaganda arm.,2 years ago,0,False,Serius (Bahasa Israel)
@MuhammedAli-lf8bc,"You mentioned there was 12,000 people killed on Oct 7th! (Time 4:52). It was 1139 less than 10% of what you said. According to Israeli civilian witness accounts soon after the incident, most of these were as a result of IDF trying to kill the Palestinian fighters.",2 years ago,0,False,Serius (Bahasa Israel)
@jos1515,"Hot take, Israel and Iran working together to keep their.regimes.running",2 years ago,0,False,Serius (Bahasa Israel)
@diegoferreiro9478,"10:25 totally unrelated with the video content, but as a modelling enthusiast I noticed some silvering issues on Israeli F-35 markings (the '921' marking). 
So, modellers who try to avoid this nasty effect on our decals and now I find that it also happens in real life",2 years ago,0,False,Serius (Bahasa Israel)
@marehsmith3915,Correction: twelve hundred people died on Oct 7 (in Israel) not twelve thousand please change this,2 years ago,0,False,Serius (Bahasa Israel)
@jebbo-c1l,Israeli occupied Golan heights* illegally btw,2 years ago,2,False,Serius (Bahasa Israel)
@ABCantonese,"Dammit, Cappy, I'm not playing WITH you on poker... HMS could very well be calling Israel's bluff when they say they want a ceasefire. They know they're not going to get it, but they'll get brownie points asking for it.",2 years ago,0,False,Serius (Bahasa Israel)
@maribelaragon6466,God will protect Israel and the USA....THE BIBLE SAYS GHAT ISRAEL IS THE CHOOSEN LAND OF GOD AND GOD WILL ALWAYS PROTECT AND BLESSED THE HOLY LAND.  USA HAS BEEN ISRAEL ALLY FOR EVER AND GOD IS WITH THEM UNTIL GHE COMING OF OUR LORD AS ND SSVIOR JESUS CHRIST.   GOD BLESS ISRAE AND GOD BLESS AMERICA!!!❤❤❤❤,2 years ago,1,False,Serius (Bahasa Israel)
@hugoifykyk,"as an update, in case people haven’t heard, it wasn’t an airstrike that killed him, it turned israel planted a bomb inside the guesthouse where haniyeh was going to be staying. this is an even bigger lapse of security, as the compound was heavily guarded by iranian revolutionary guard corps, their elite soldiers.",2 years ago,0,False,Serius (Bahasa Israel)
@woodys955,“We do not negotiate with terrorists.” - Leaders of Israel,2 years ago (edited),0,False,Serius (Bahasa Israel)
@aqjenaqjen,The United States may have used the Iraqi airspace it controls in light of its ongoing occupation of Iraq and attacked Ismail Haniyeh’s website through Iraq.  Here Israel came to adopt the operation.  We all know that the United States army is nothing but a tool in the hands of the Israelis,2 years ago,0,False,Serius (Bahasa Israel)
@scotthyde-t9w,The Bottom line is these terrorists are not safe anywhere on earth !!  They need to understand this and Israel is teaching this lesson to Hamas and Hesbolah leaders and their Minions including Iran !!,2 years ago,0,False,Serius (Bahasa Israel)
@zjork,even the leaders of Palestine doesn't want to live in Palestine lol. allso! wasn't it Iran who fired missiles at Israel not long ago????,2 years ago (edited),0,False,Serius (Bahasa Israel)
@TheCaniblcat,"Iran's initial claim was that it was an air-to-surface missile attack, then they said a rocket attack from a hidden ground team near the facility, now it's a bomb that was placed 2 months prior to detonation.
Let's assume their latest claim is true. That means that for TWO MONTHS RIGC bomb sweeping teams missed a bomb that was placed in a high security facility, just waiting there for a high value target to visit the site. That makes the IRGC look feckless and incompetent.
Even if it was a rocket attack from the ground, that's an embarrassment to the Iranians for allowing an Israeli strike team to get that close to a secure facility undetected with such a weapon. If it was an ASM attack, then Iran is embarrassed because their claims to be able to detect and deter an Israeli airstrike are proven false. Any which was you cut it, it was a major loss of face in the eyes of the Muslim world, and face is VERY important to Iran. In fact everything they do on the international stage is about ""face"".",2 years ago (edited),1,False,Serius (Bahasa Israel)
@eitan71,BRAVO ISRAEL !,2 years ago,2,False,Serius (Bahasa Israel)
@electrosyzygy,"@9:07  Note: Tel Aviv is NOT the 2nd largest city in Israel, it is by far the largest.",2 years ago,0,False,Serius (Bahasa Israel)
@user-sp8eb6iz7f,Israel is a Democracy? Israel voted for this?,2 years ago,0,False,Serius (Bahasa Israel)
@lybnychavez6953,The fact that turkey is part of nato is wild. USA should not allow them to be in nato why would we be required to defend turkey when continue time and time again to detest Israel,2 years ago,1,False,Serius (Bahasa Israel)
@wilbertpamplona4487,Israel was the one who save the F35 programme,2 years ago,0,False,Serius (Bahasa Israel)
@VaniDrauniniu-hu5ob,THE LORDS ARMY  IS THE. ISRAELITES.,2 years ago,0,False,Serius (Bahasa Israel)
@imjustheretomasterdebate8853,"As a european christian me and the people i know dont like jews, i can also tell you the truth that most you guys are missing, the people on Israel right now, are not even jews, they are a cult made by rich corrupt european merchants, they use the story of the jewish people for support back then because all european contries were banning that group of corrupt and godless rich guys that were spreading all over europe and the rest of the world",2 years ago,0,False,Serius (Bahasa Israel)
@Gamla123,"Biden says ""Get a deal done"". Which means just do what the terrorists want and surrender. 🤬
Israel can't do that.
Thank you for great reporting. Head and shoulders above anything we get from mainstream media.",2 years ago (edited),0,False,Serius (Bahasa Israel)
@Labios_Rotos,"I like how Israel themselves haven't taken credit for this, yet a bunch of people in the comment section of YouTube know it was them, and not only that, they know exactly HOW they did it.",2 years ago,0,False,Serius (Bahasa Israel)
@Mate397,"So Israel pissed off literally everybody around it, what is up their sleeves to be this ballsy?",2 years ago,0,False,Serius (Bahasa Israel)
@yalnevatekofreedom5096,"How do you know it was Israel? 
You don't, so stop doing what starmer does and blame people for something they might not be.",2 years ago,0,False,Serius (Bahasa Israel)
@itsme-vw5yo,The bomb that used was an IED and news said it was planted months ago! Thays why its not possible for Israel to have done this,2 years ago,0,False,Serius (Bahasa Israel)
@Zrepid,“Cultural differences”? Didn’t Netanyahu say in front of congress that the US needs to support Israel in “eradicating” a certain group of people. Get off your high horse man,2 years ago,0,False,Serius (Bahasa Israel)
@CombatSport777,"Israel armed with the F35 is a dangerous combination.  Iran would be served well to leave Israel well enough alone, but we all know that ain’t gonna happen.",2 years ago,0,False,Serius (Bahasa Israel)
@videobazipc,"As An Iranian:
I keep hearing ""it's Iran's fault, Iran is useless and Iran Plays In Two sides and ... ""
But Nobody Is Asking ""What Gives israel To Shoot and kill who ever it wants ?"" Anymore
What Happened To People ? Hearing News About Genocide And Killing Children And Destroying  Hospitals And ... By israel For multiple Times Made You Numb ?
Lost Interest In  Standing Against israel ?

(Iran Will Make Them Pay , Without Turning Into Them ...)",2 years ago,0,False,Serius (Bahasa Israel)
@bazkakar5606,"In today's news, it was confirmed that the object was not a missile but an IED that had been installed in his bedroom. All the chatter about the air defence system and Israel's accuracy in hitting targets is now insignificant.

Please make sure to thoroughly fact-check before sharing potentially misleading news on your vlog. It's not good for the reputation of your channel.",2 years ago,1,False,Serius (Bahasa Israel)
@avihayamar9630,Iran is no competition to israel,2 years ago,0,False,Serius (Bahasa Israel)
@seaman4366,It was the Muslims themselves who killed their leader to put more oil in the fire and since most people use their rank more than their brain they know that for this they will be able to make Israel more bad.,2 years ago,0,False,Serius (Bahasa Israel)
@grahamebell4593,"The Zionist project is on track for a Jewish state from the Euphrates to the Nile 

Netanyahu is under no illusion that his actions will lead to a wider conflict that alone he and Israel  cannot win .But he knows also that there is a secret option  : he knows they can’t fight this war and win but knows they can make it bad enough that Israel then faces a real threat and that Americans will have to,” 

Today the US Defence Secretary  confirmed Netanyahu is his calculation that whatever he does, how ever escalatory whatever level of criminality the US will come to his aid should there be any retaliation  

Lloyd Austin  said :-

       “We certainly will help defend Israel” should a wider war break out as a result of Israel’s assassination strikes. 

How utterly irresponsible is that . Netanyahu with his messianic  passion o advance a brutal abhorrent religious doctrine no less abhorrent than Nazism  is dictating events in the Middle East as we witness his genocide and escalation to a possible third world war",2 years ago,0,False,Serius (Bahasa Israel)
@chayfebruary9252,The Arab countries put together are not strong enough to fight Israel and that’s the truth 🫣😅🫣🫣😅🫣,2 years ago,0,False,Serius (Bahasa Israel)
@eddieazimi5865,"Now when Iran answers, Israelis start crying victim",2 years ago,0,False,Serius (Bahasa Israel)
@guyfainberg4035,4:42 calling the israelis crowds while the hamas leaders hide in qater and iran (basically leaveing gaza and letting their people suffer while they live a rich live) is so funny,2 years ago,0,False,Serius (Bahasa Israel)
@Davidtin-vid,"This seems like a lot of speculation, but it does seem highly likely that it's Israel",2 years ago,0,False,Serius (Bahasa Israel)
@eugenio6485,🇮🇹❤️🇮🇱 grazie Israele !!!,2 years ago,1,False,Serius (Bahasa Israel)
@ITSecurityFTW,"That paragraph about cultural differences was PURE GOLD! Had me laughing in my office.

Third option of why Hesbala is denying the attack.  Their tech stinks, and they were aiming for Jews, but because their tech stinks they kills muslim kids, granted Israeli muslim kids, but still muslim kids. REALLY bad look for their supporters.

WW2 the allies had an approximate civilian to solder ratio or 1:2.  And that was with clear battle lines.  When you consider that the gaza war is a guerrilla war with the civilians are actively hiding the hamas soldiers, (which according to the Geneva convention than turns them into legitimate targets but that's another discussion.) a 2:1 ratio where you still count the 'civilians' hiding hamas as civilians is actually quite good.  Sad and regrettable yes, but impressive that so low, WHEN you take into account the circumstances. Otherwise it's horrible.",2 years ago (edited),0,False,Serius (Bahasa Israel)
@omrinygate1356,"The whole video is outdated. Israel used a planted bomb, not plane",2 years ago,2,False,Serius (Bahasa Israel)
@Desh-df2io,When will Muslims realise that God is on Israel’s side?,2 years ago,0,False,Serius (Bahasa Israel)
@GalCesa,"Hezbollah started attacking Israel on October 8th, one day after the 10/7 and long before Israel started ground operation in Gaza",2 years ago,0,False,Serius (Bahasa Israel)
@Jabawongky88,"It's either Israeli Mossad is great, or they're being falsely accused to create sympathy",2 years ago,0,False,Serius (Bahasa Israel)
@anurathangd,Very big embarrassment for Israel,2 years ago,0,False,Serius (Bahasa Israel)
@shannonmcstormy5021,"""We know where you are, we can put a missile into the room you are in""......If I am Iran.....I stop poking the tiger. The strike demonstrates the power of technology and how far its come. It also demonstrates that Israel isn't messing around. Not that most people thought that, but every time certain states tried to invade Israel, they got their butts handed to them. I don't think this is going to change any time soon as Israel still has an enormous technological advantage. They spared no expense and gobbled up F-35's and other advanced technology. They have one of the best tanks in the world and their fighters are beyond motivated.",2 years ago,0,False,Serius (Bahasa Israel)
@Lord0fPvnder,"@ 4:49 you said 12,000 people were killed on October 7th. I think you meant 1,200. If Hamas was responsible for the deaths of 12,000 Israelis, Palestine would be a parking lot,  devoid of any life whatsoever.",2 years ago,0,False,Serius (Bahasa Israel)
@benjauron5873,Generic comment about the Israeli-Palestinian conflict! (Sure to be deleted.),2 years ago,0,False,Serius (Bahasa Israel)
@prv1993,"There's only 2 possibility:

1. Iran did not noticed Israel pulling this off which is a huge humiliation for iran 😂

2. Iran noticed but didn't do anything. Meaning Iran and israel working together. 🤡

Muslims please choose your narrative ( humiliation or in cahoots)",2 years ago,0,False,Serius (Bahasa Israel)
@shine-kb3vc,I didn't believe Israel using airstrike to kill Mr. Haniyeh. Flying into Iran's airspace is too risky. Remember when US sent SF Teams with Helicopters  to rescue US Personnels in 1979 ?,2 years ago,0,False,Serius (Bahasa Israel)
@XDSDDLord,"I am disappointed in your recent coverage of Israel, from getting the Israeli Prime Ministers and major actors in the Second Lebanon war wrong to claiming the Houties used a stealth drone when the IDF said they knew about the drone, but for some reason, it was manually dismissed as not being a threat, to reporting highly unsubstantiated claims about the Haniyeh attack, including details that were not stated by credible sources. Iranian sources originally leaked that it was a UAV, not a stealth fighter, and later that it was a MANPAD. As I mentioned in my other comment the NYT said it was an IED and the IDF all but confirmed it",2 years ago,0,False,Serius (Bahasa Israel)
@JAANTARIQ777,"Fukn Iran 🇮🇷  is israel 🇮🇱 
As I said Many years ago
Don't trust iran!!!",2 years ago,0,False,Serius (Bahasa Israel)
@XDSDDLord,"While Israel did not take responsibility, the IDF spokesperson confirmed that other than the missile used to kill Shukr, no other projectile was fired in the Middle East that night, meaning that Haniyeh was not killed with a projectile.",2 years ago,0,False,Serius (Bahasa Israel)
@Learnfluence5,5:07 Did you just say that 12000 israeli people were killed on Oct 7 bro ..,2 years ago (edited),0,False,Serius (Bahasa Israel)
@acewings221,Why would Israel kill the man in charge lf diplomacy and negotiations unless they wanted to provoke Iran and prolong the war? 🤔,2 years ago,2,False,Serius (Bahasa Israel)
@Coinmancer,"Israel bombs every country and then when anyone fights back they cry victim and have the US pay for their fights…. Israel is probably the most cowardly country as a whole, never taking responsibility for their actions and consistently hiding behind a religion crying about antisemitism for anyone who disagrees with their policy or even their murder of children. 

It’s pretty immature and disgusting to the average person who thinks objectively.",2 years ago (edited),1,False,Serius (Bahasa Israel)
@Coinmancer,"So Iran can’t stop an air attack, and Israel can’t even stop a paraglider attack… so the air defense people pretended they have is not real, they have all been bluffing, even the US. 😂",2 years ago,0,False,Serius (Bahasa Israel)
@ThunderChasers,"Hamas, Hezbollah, and Iran, will never truly WANT a ceasefire. They are liars. Period. Israel knows this. They are on a mission to wipe out Hamas. Anything short of that and they remain vulnerable to attack. All that ceasefire talk is Hamas trying to get Israel to stop their campaign against them so they can recuperate and attack again with more force.",2 years ago,0,False,Serius (Bahasa Israel)
@seanseany2225,Iran statements about it isnt realistic.. first it was missile in tehran. How did israel manage to sneak a missile in tehran. Then said it was planted bomb months ago. How the hell did an israeli plant a bomb and how did they know where excatly he is going to sleep months before. Its an exclusive villa who goes there in and out should have been monitored. Doesnt make sense,2 years ago,0,False,Serius (Bahasa Israel)
@HuyNguyen-bm2un,"he was chanting  'death to israel, death to america' hours before he died. Little did he know an F35 was on its way. the irony",2 years ago,0,False,Serius (Bahasa Israel)
@1pressureracing236,not that israel cant perform an airstrike in Iran. But this attack wasnt an airstrike some sort of atgm from the mountain,2 years ago,0,False,Serius (Bahasa Israel)
@mattlewis383,"We know now that Iran was making up stories on how this happened. Israel's Mossad planted a remotely controlled bomb, that was placed in advance, in a room that he used whenever the victim was in Iran. Regardless, these two terrorist leaders needed to go.",2 years ago,0,False,Serius (Bahasa Israel)
@comingfall6348,"Israeli here, he was a target long before the 7th of october, but he definitely was part of the officials who gave the green light of the 7th of october, he is essentially the highest leader of hamas and taking him down is a part of dismembering hamas, am israel hai",2 years ago,0,False,Serius (Bahasa Israel)
@briand5379,"Big shock, Israel doesn't want a ceasefire because then their leadership might have to answer for things. We all need to be honest here Hamas isn't the only ones that should face severe penalties for the October attack, Israeli leadership should as well because they ignored the intel which would've prevented it from happening. That in my opinion is just as culpable as Hamas for carrying out the attack.",2 years ago,1,False,Serius (Bahasa Israel)
@danchu5737,"Yeah, Israeli here. Hanya was a target for him using Palestinians and gaining 4 billion from them, and when Sukr died he was the missile commander who was in charge of the rocket attacks, and his last target wat 12 Druzr kids.",2 years ago,0,False,Serius (Bahasa Israel)
@compedsushi9030,"Israel owns most parts of the US/US GOV and  capitulates to Israel war crimes. Israel has nukes. We are at the tip of WW3 and it seems like Americans are hand in hand walking right into it, all at the cost of us the people... thanks cappy....",2 years ago,0,False,Serius (Bahasa Israel)
@TubeFlexMedia,He chants “death to America and death to Israel” in Iran then gets killed in Iran and Iran is now “mad”,2 years ago,107,False,Serius (Bahasa Israel)
@rexblade504,The Raptor is so pissed he's not in Israel rn,2 years ago,0,True,Serius (Bahasa Israel)
@JuanPerez-ru5qt,"So they can hit 1 guy in 1 building and not flatten a whole block in the process. So this confirms what everyone is saying, Israel is indiscriminately killing as many civilians as they want. With no repercussions. They want to kill as many Palestinian civilians and reporters as possible. Believing they can get away with it. Wait is task and purpose reports or journalist. I guess when they are arab they wont talk about it or even care. Shameful behavior from American so called reporters. Talk about before oct 7. Things dont start on the day. It started when Zionist terrorist invaded. Maybe talk about that and ill watch it. But you guys lost all credibility with this whole both sides thing. Its like saying hitler and the naxis were just doing military things. Nothing else cuz were neutral. Both sides are doing wat things. In this analogy the military fighting occupation are terrorists and the occupation is justified because god chooses those people.",2 years ago,1,False,Serius (Bahasa Israel)
@jamesmichael7448,"Israel is walking right off a cliff. Their tech is still above that of Hezbollah and Iran, but it’s too small to win a prolonged conflict with them.

Israel assumes the U.S. will rescue it if it gets into trouble. 

Ignoring the moral stance of the U.S’s full commitment to defending Isreal, it is just becoming increasingly difficult for the U.S. to keep dumping huge amounts of tax dollars and military aid into this tiny toddler like nation. 

I can’t see the U.S. being able to stomach fighting a world war on Israel’s behalf. The U.S. is talking tough, but just like South Vietnam and Afghanistan, once the Military industrial complex in the U.S. no longer sees value in its relation ship with Israel, it will abandon it. 

Isreal is really pushing its limits",2 years ago (edited),0,False,Serius (Bahasa Israel)
@yaboipalps8616,"the Houthi drone that hit Tel Aviv came from the west, which is how it got past air defenses.
the israelis believed it was someone else's drone",2 years ago,4,False,Serius (Bahasa Israel)
@sjappiyah4071,The fact that ppl are claiming Israel are the escalators in response to an attack killing 12 kids are wild !,2 years ago,2,False,Serius (Bahasa Israel)
@CountJeffula,Israel shouldn’t negotiate at all until all the hostages are returned. Hamas is a terrorist organization.,2 years ago,1,False,Serius (Bahasa Israel)
@jeffswingdancer8302,This video didn't age well -- It's reported in today's papers that the Hamas leader was killed by a bomb hidden in his room. Israel has operatives in Iran that don't always use the latest military hardware.,2 years ago,1,False,Serius (Bahasa Israel)
@FreeAssange-f1d,Israel is scary. 😇,2 years ago,0,False,Serius (Bahasa Israel)
@johndesousa7379,Don't mess with Israel. They don't mess around. Never poke the Bear.,2 years ago,0,False,Serius (Bahasa Israel)
@TheRetroLab,Israel needs to stop killing civilians.,2 years ago,0,False,Serius (Bahasa Israel)
@ecomadrian809,"You serious? Have you seen how many children Israel has killed in Palestine? These organizations like Hamas, Hezbollah, Houthi's will never stop if Israel doesn't leave Palestine. Its common sense if you hear both sides.",2 years ago,0,True,Serius (Bahasa Israel)
@haserotmalach7324,"The description given by the kid on this video makes Hanyieh look like an innocent diplomat/negociator and completely ignores his real persona and History of terror. And, of course Israel won't negotiate with the arabs (so-called Palestinians) because you don't follow the demands of a terrorist organization that killed 1200 of your civilians and are still holding hostages. Seriously, what world a we're living in!",2 years ago,2,False,Serius (Bahasa Israel)
@HappyGuy-cn9po,"Yo, if Israel has jets that can penetrate without a warning, Iran has to be concerned.",2 years ago,0,False,Serius (Bahasa Israel)
@YonieZukowsky51,Many Iranians actually support Israel and the United States. Now they are suppressed and threatened but one day hopefully soon their story will be told.,2 years ago,0,False,Serius (Bahasa Israel)
@Spartan117A51,"All you losers in the comments were claiming that Israel used an F-35 or some sort accurate missile system to kill Ismail, acting like you guys know anything about analysis and confirming intelligence fact before doubling down on your claims. Meanwhile, breaking news is that a bomb was actually planted and was used to kill him, which is drastically different than the speculation and misinformation everyone was spreading. While using either air capable threat OR planted explosive can be argued as Iran being incapable, you all failed to do the one of most important steps of analysis: verifying the facts before you spread misinformation.",2 years ago,2,False,Serius (Bahasa Israel)
@GregConquest,"I doubt Israel would have used an F-35 for such a mission into Iran. If such a mission were to fail, the Israeli pilot would be publicly humiliated, tortured, and executed. 

AND Iran would turn over the F-35 wreckage to Russia for the keys to a fleet of atomic missiles (or some other hugely beneficial trade with Russia - or China).

I'd think this was more likely a stealthy version of a drone. The stealth technology could be more low-tech, risking less sacrifice in technology and the pilot. The drone just flew in under the radar - with radar scrambling counter-measurers thrown in from afar. A big quadcopter type of drone could even have been launched from within Iran.

Either way, surely there are going to be photos or video of whatever craft it was, right?

Edit: And now CNN is reporting it wasn't any kind of aircraft  at all. It was just a bomb planted weeks ago. So, the Iranian government would have lied or been misled about some mysterious plane. This makes a lot more sense because there have been no photos of any such aircraft shown. Maybe Iran too has dummies inside the administration who thinks stealth aircraft are invisible, like Wonder Woman's invisible jet.",2 years ago (edited),0,False,Serius (Bahasa Israel)
@thor3279,"various ""peace"" protesters who want Palestine ""freed,"" when every country involved against Israel advocates for the destruction of Israel and the United States. 
They don't want peace, they want us destroyed. Yet they're the victims? SMDH",2 years ago,1,False,Serius (Bahasa Israel)
@Atomic-Filth,"If I recall correctly, the October 7th attack, coordinated by Iran and known as ""The Flood,"" aimed to ignite regional conflict before Israel could sign a peace treaty with Saudi Arabia. It appears this is the direction things are heading.",2 years ago,0,False,Serius (Bahasa Israel)
@paulvandenberg5341,"Why did Israel target him? He was the leader of the negotiation team working on an agreement with Israel.
Netanyahu killed him to slow negotiations so he can continue his genocide.
The demonstration of military technology to assassinate him in Iran  was a bonus.
Stop all aid to Israel, they are adjudicated war criminals. Turn off the computers.
If you are a male in Gaza between 12 and 80, you are defined as a fighter. How many of those 12,000 fighters were children?",2 years ago,0,False,Serius (Bahasa Israel)
@llawrence5063,"Israel isn't the party avoiding a peace deal.  Saying Israel doesn't want a peace deal is totally wrong.  Israel (and anybody paying attention to reality) realizes the ""other"" party is the instigator of these conflicts has no desire nor reason for peace with Israel.  The ""other"" party wants to fight and Israel is giving them what they want.",2 years ago,1,False,Serius (Bahasa Israel)
@Phil1994a,How can the American government support this? Israel could turn on America at any time and America will be over - it’s time for America to cut ties.,2 years ago,0,False,Serius (Bahasa Israel)
@shukabol8438,"There's Nothing called Israel intelligence. This dirty games is by US. Only fools who don't understand American modus operandi: killing it's opponent and organizing coups, terror attack to destabilize its opponents. Israel has no military factory, everything is by US",2 years ago,0,False,Serius (Bahasa Israel)
@MrFarwestt99,"Photos of the Islamic Revolutionary Guard Corps guesthouse where Haniyeh was staying show little damage to the exterior walls or the structure, indicating the attack involved a small, controlled explosion that detonated within his room, said independent intelligence analyst Ronen Solomon, who specializes in Israeli operations inside Iran.",2 years ago,0,False,Serius (Bahasa Israel)
@jamilmaflahi1695,"As Arab, we said they all trash. If we go back to history we will find out that most the political problems in Arabs countries was supported by Iran since 1979.for example Syrian civil war in 2011 more than one million civilians killed by the government that was supported by Iran. The civil war in Yemen back in 2014 most war crimes was by houtis. Look what they did in Taiz and others cities.anyway am not saying the prime minister of Israel is innocent. He failed in 7 of October to make his people safe. He is war criminal for humanity. Guys I’m not standing with any side but evil is evil and wrong is wrong.",2 years ago,1,False,Serius (Bahasa Israel)
@guss77,"The IDF spokesperson was just ask about the Teheran attack and claimed the Israeli air force attacked in Lebanon but ""not in any othe country in the middle east"".",2 years ago,0,False,Serius (Bahasa Israel)
@ToubaYouness,When will Iran and their proxies accept the reality that they can never defeat Israel?,2 years ago,0,False,Serius (Bahasa Israel)
@krzeszewski,"israel ""self defence"".",2 years ago,0,False,Serius (Bahasa Israel)
@GenericInternetter,Israel are not fukking around. They really mean business.,2 years ago,0,False,Serius (Bahasa Israel)
@DerPolygonianer,"I don't get how the United Nations criticize Israel for striking a Harbor that is used for weapons smuggling to a terrorist organization. Yeah, it sucks that it's also used for humanitarian aid. But is that really a Coincidence? And what if everyone stops attacking terrorist targets if civilian damages can occur? Then Terrorists will use Civilians as Cover in even more Cases because they know they are safe as long as say their rocket base is next to a hospital.",2 years ago,0,False,Serius (Bahasa Israel)
@Klint_Izwudd,"""The peace talks keep falling apart""

Seconds later

""He was seen chanting death to israel""

Gee I wonder if there's a connection.",2 years ago,269,False,Serius (Bahasa Israel)
@PrimetimeX," @PerfectlyFunctioningAI  ""why would he doom his people""
Lol you could ask him that 20 years ago when he started organizing mass rocket attacks against Israel and forcing Israel to continuously up their defensive military arsenal. Then he orchestrated an attack on Oct 7th, and on his hands lies the blood of 40,000 of his own people. Dead because of him.
Israel does everything right. Palestine does everything wrong. Its obvious to see that",2 years ago,0,True,Serius (Bahasa Israel)
@Patrick-kq9fy,How do you know it was Israel?  CENTCOM has been off the leash since the whole Biden-is-senile thing.,2 years ago,0,False,Serius (Bahasa Israel)
@PaulGilesGiles,"CNN reports that Hamas political leader Ismail Haniyeh was killed not by an Israeli bomb or rocket strike that day, but by a bomb planted in advance at the Tehran guesthouse where he was staying.

The New York Times also writes about this. According to the publication, Haniya was killed by an explosive device that was secretly smuggled into the guest house.

The bomb was hidden about two months ago in a guest house run and protected by the Islamic Revolutionary Guard Corps and part of a large complex known as Nashat in an upscale area of ​​northern Tehran, the newspaper said.",2 years ago,2,False,Serius (Bahasa Israel)
@rahulnaik632,"Latest reports from CNN states that the assassination was an outcome of an IED that covertly lodged in the ""Guest House' where Hanniyeh was put up. It is said that this was a guest house that Hannieyh visited often and Israel just planted that explosive device and remotely detonated it when the moment was ripe.

If this is true then the whole premise of an airstrike or missile strike goes out the window.",2 years ago,0,False,Serius (Bahasa Israel)
@AlanTheBeast100,"Except there was no airstrike.

Recent news report (NYT - Aug 1 )suggests that a bomb killed Hamas' political leader Haniyeh and was put in place months ago in the building.  This related to the NYT by 7 different officials from various countries including Iran and the US.
Perhaps an Israeli plot to kill whoever of importance ended up staying in that guest house.
On learning he was there (I surmise), the bomb was remotely detonated by an agent of Israel.",2 years ago (edited),2,False,Serius (Bahasa Israel)
@FreePalastine-n7f,You saying it’s cultural differences when they say death to Israel and America is pure ignorance. Israel stole the nation of Palestine and has even engaging in a 76 year ethnic cleansing campaign that’s developed into now a a Gaza human genocide and West Bank apartheid. Why would they love their oppressors ? If America didn’t support Israel with money and weapons used to kill then and actually treated Palestinians and other Arab nations as friends in the pursuit  of justice against Israeli crimes against humanity they wouldn’t hate America. Saying it’s cultural differences ignores Israel’s atrocities and theft and Americas compliance,2 years ago,0,False,Serius (Bahasa Israel)
@michaelbasov6841,"Ceasefire negotiations haven't accomplished a thing in 8 months.

Hamas' only bargaining chip is the hostages, but between Israel rescuing hostages on its own and Hamas' admission that they don't know how many hostages are left, that chip isn't worth much.

And Iran isn't going to get involved for one simple reason. If Israel killed a guest of the Ayatollah in his own palace, they can kill the Ayatollah just as easily.",2 years ago,0,False,Serius (Bahasa Israel)
@vladmatei1958,"How did people get so stpd in the internet era?
All parties confirmed it was a bomb planted in the room by 2 members of the Iranian National Gurd who were extracted 1 hour later by Israel at the Iranian border.
How it is possible that a channel with over 1 million subscribers talks whatever is beyond me.",2 years ago,0,True,Serius (Bahasa Israel)
@marklee3534,​ @zentriffid how about claims made Israel? Would you believe the most moral army in the world?😂,2 years ago,9,True,Serius (Bahasa Israel)
@laptv2144, @zentriffid  You also can’t put any credence in what Israel says. Both countries are proven relentless liars,2 years ago,1,True,Serius (Bahasa Israel)
@LeeRenthlei,​ @125israel  Is that the best excuse you can muster? Money? 😂😂,2 years ago,0,True,Serius (Bahasa Israel)
@jon9021,"12:05 “the United Nations stated: blah, blah, blah..Israel bad..blah, blah..all Israel’s fault..blah, blah”
That pretty much covers everything the UN EVER says.",2 years ago,0,False,Serius (Bahasa Israel)
@pattattack1,"I don't think you should be phasing it as ""A major escalation by [Israel]"" (Time stamp 19 seconds) when they are just responding to multiple escalations from Iran and its proxies.",2 years ago,0,False,Serius (Bahasa Israel)
@paulm1262,He said they either refueled mid air or used a external fuel tank but there's a 3rd option. Israel has a air base in Azerbaijan that is well within range of Terhan. Google it,2 years ago,0,False,Serius (Bahasa Israel)
@davidribosome4326,"Reminder that Israel killed this guys whole family, and that this guy was trying to broker a two state peace deal. This assassination makes Israel intentions clear. They want war, not peace.",2 years ago,0,False,Serius (Bahasa Israel)
@pedroalmeida4335,They used a bomb planted in the guest house in Iran. Go watch the show Tehran. They show you exactly how the Israeli's do things inside Tehran.,2 years ago,1,False,Serius (Bahasa Israel)
@noelrodrigues8179,"That guy was not supporting a two state, he was supporting taking over all of Israel. Also he said that he will repeat October 7 again and again. 

The only thing he was involved in was negotiations",2 years ago,0,True,Serius (Bahasa Israel)
@PanoStressed,"He was not elected, he was not trying to broke no peace deal. He and his organization used the money the West sent him for more than 40 years in order to help his people only to wage war and stuff weapons under hospitals. He lived in Qatar in some 5 star hotel. Hamas has killed thousands of Palestinians too, they are a terrorist organizations. Just  because you hate the Israelis doesn't mean we will begin to glorify terrorists. Next time think a little bit more before posting love letters to terrorists.",2 years ago,0,True,Serius (Bahasa Israel)
@jma00a1,"ha, much more interesting.; Not air strike, bomb planted in Hamas leader’s room two months ago. Bomb detonated when confirmation he was in the room. Now Israel has plausible deniability.",2 years ago,1,False,Serius (Bahasa Israel)
@ashmarsim,hezbollah had initially claimed responsibility for the missile attack in Israel until they found out it killed 12 kids. They then denied responsibility.,2 years ago,0,False,Serius (Bahasa Israel)
@grahamebell4593,"No Longer Can the West Claim the MORAL HIGH GROUND

""The horror and human suffering in Gaza have destroyed the claim of western democracies to behave better than dictatorships and authoritarian regimes. By rejecting a ceasefire and supplying weapons to Israel ,the US,UK and their allies are seen by the rest of the world as participants in the merciless war that has killed more than 40,000 Palestinians 80% of them Old Men, Women,Children and Babies with perhaps another 3,000 babies and others beneath the rubble of a country where more than 80% of the homes have been destroyed  or rendered  uninhabitable with another 1000,000 Palestinians at least severely injured."" 


Since October 7th the whole world NOT JUST THOSE COUNTRIES THE NEVER RECOGNISED THE ILLEGAL STATE OF ISRAEL and never will ,the whole world has come face to face with the racist GENOCIDAL MONSTER that was allowed to expel near 1 million  Palestinians from their homes in 1948.

It takes little scholarship to understand why we are where we are in Palestine or to determine the solution which is :-

One State where all : Palestinian ,Jew and all whose faith draws them to Jerusalem  and those of no faith to live peaceful  and prosperous lives as Palestine was before 1948 but one without occupation by anyone not the British Empire or that of the Ottomans 

                      Arabs to not hate Jews Jews do not hate Arabs 

                                    ZIONISTS HATE BOTH 

         From The River To The Sea : A Free Palestine
 
That is what the refrain actually means .It is not a genocidal rendition .

                  That is a sinister Zionist interpretation. 


Now  within days of the ICC issuing arrest warrant for war crimes and probable GENOCIDE against  Netanyahu the Israeli PM US congress  issue him with an invitation to address congress  and during  that 60 minute address  from this WAR CRIMINAL received  60 STANDING OVATIONS .One every minute of the address.",2 years ago,0,False,Serius (Bahasa Israel)
@halo3gta4mw2gow3,Apparently Israel is trying to drag America into all out war in the Middle East 🙄,2 years ago,0,False,Serius (Bahasa Israel)
@rael5469,"I wonder if Iran cooperated with Israel on getting these guys because the Hamas leaders attacked Israel without Iran's permission. Maybe this was Iran's way of compensating Israel so Israel wouldn't turn their weapons on Iran. 
This is the way the real world works. The world isn't black and white. The world is shades of gray.",2 years ago,0,False,Serius (Bahasa Israel)
@rdunsky1,"Most Israeli media currently saying it was a bomb placed beneath his bed or an AT, Iranians trying to save face and saying it was not carried from within iran. In western perspective an air strike sounds more impressive, but around here it's the opposite",2 years ago (edited),1,False,Serius (Bahasa Israel)
@geeunit831,The fact this happened on Iranian soil and undetected just shows how ill-equipped Iran is if they are to go to war with Israel.,2 years ago,1,False,Serius (Bahasa Israel)
@user333-us4qz,Think if US never had a friend like Israel. 50-80 procent lower debt.  9/11 attack would never had happen. 50 procent less spending on the Military. And the American People would be more United as a country ! 🤣 what a friend Israel. !👏🤷‍♂️,2 years ago,0,False,Serius (Bahasa Israel)
@danboyd6609,I'm ashamed that the US is facilitating Israel's policies.,2 years ago,2,False,Serius (Bahasa Israel)
@CrypidLore,"When Israel says they're going to eliminate a set group of people, it's safe to say they mean it. Ask Germans from WW2 living in South America.",2 years ago,0,False,Serius (Bahasa Israel)
@budipekerti1365,"ISRAEL IS WORSE THAN NAZI.. NETANYAHU IS WORSE THAN HITLER.. ISRAEL IS THE PUREST TERORIST.. WHILE FRAMING AND THE PROPAGANDA OF TERORIST, IS ISRAEL-MOSSAD NO. 1 AGENDA.",2 years ago,2,False,Serius (Bahasa Israel)
@Longestspring,"Israel assassinated the person they  were doing a peace treaty with .. not only that they murdered his grandkids, children and now him. Israel with in a week bombed 4 different countries",2 years ago,1,False,Serius (Bahasa Israel)
@Ji66a,Iran self sabotaged their attack on Israel in April. So they could look tough to their people while letting Israel know they didn’t want to continue the beef.,2 years ago,0,False,Serius (Bahasa Israel)
@ShrimpOfDeath,"Well, Israel has long been known for advanced airforce and assassinations. Maintaining the reputation, it seems.",2 years ago,0,False,Serius (Bahasa Israel)
@user333-us4qz, @redwolf1647  israel = US tapeworm. Not bullshit facts ! 😁,2 years ago,0,True,Serius (Bahasa Israel)
@WbaWbc,Why is Israel? Is it in a land where only Middle Easterners live?,2 years ago,1,False,Serius (Bahasa Israel)
@karthick_gta,Did Iran sell out the Hamas leader to Israel and USA for money? How could they precisely kill him in the capital city of Iran?,2 years ago,0,False,Serius (Bahasa Israel)
@prashanthb6521,Israel should not negotiate with Hamas. How can you settle with people who killed your own baby.,2 years ago,0,False,Serius (Bahasa Israel)
@jarnMod,"So, Israel burns Gaza while they know the key target is in Iran. They sure learn this from the US, from burning Afghanistan for a dude in Pakistan.",2 years ago,0,False,Serius (Bahasa Israel)
@freen3x3r,Israel attacked capital of iran... Iran can fight back ?,2 years ago,1,False,Serius (Bahasa Israel)
@GETLITUP69,"Oh well. I WILL NEVER LOSE SLEEP OVER COUNTRIES WHO ATTACH ISRAEL, THEN WHINE LIKE A BUNCH OF BABIES WHEN THEY GET A TASTE OF THEIR OWN MEDICINE! Read the Bible ISRAEL will never lose!!",2 years ago,0,False,Serius (Bahasa Israel)
@anthonyscott5134,"Please end the UN! It’s just insane! Like hamas, the Houthis use civilians and hospitals, food relief ports as cover for their military operations. Israel attacks those locations because of that military use and Israel is considered the bad guys and rebuked by the UN? WTF! The United Nations is a joke!",2 years ago,0,False,Serius (Bahasa Israel)
@cloudysheep2603,Bro didn't even bring up the surrodning the 12 kids death about the chance it was a malfunctioning air defense missile from Israel.,2 years ago,0,False,Serius (Bahasa Israel)
